order_item_id,order_id,product_id,quantity,unit_price,discount_pct,line_total
1,10001,60,2,333.45,0.05,666.9
2,10001,30,1,433.0,0.0,433.0
3,10002,87,1,51.0,0.0,51.0
4,10002,35,1,409.0,0.0,409.0
5,10002,55,1,114.0,0.0,114.0
6,10003,112,2,1205.55,0.05,2411.1
7,10003,42,1,1155.0,0.0,1155.0
8,10003,35,1,409.0,0.0,409.0
9,10004,60,1,298.35,0.15,298.35
10,10004,15,1,1029.6,0.1,1029.6
11,10005,144,1,247.0,0.0,247.0
12,10005,49,1,403.2,0.1,403.2
13,10006,8,1,983.0,0.0,983.0
14,10007,115,2,374.0,0.15,748.0
15,10007,56,2,203.0,0.0,406.0
16,10008,41,1,700.15,0.05,700.15
17,10009,64,1,133.0,0.0,133.0
18,10009,85,2,120.0,0.0,240.0
19,10009,69,1,101.0,0.0,101.0
20,10010,46,1,363.0,0.0,363.0
21,10010,113,1,837.9,0.05,837.9
22,10011,91,1,77.0,0.0,77.0
23,10012,55,2,114.0,0.0,228.0
24,10012,1,1,2070.0,0.1,2070.0
25,10013,55,2,114.0,0.0,228.0
26,10013,105,1,598.4,0.15,598.4
27,10014,44,1,578.55,0.05,578.55
28,10014,133,1,199.8,0.1,199.8
29,10015,115,2,418.0,0.05,836.0
30,10015,64,2,133.0,0.0,266.0
31,10016,102,1,666.0,0.1,666.0
32,10017,79,2,107.95,0.15,215.9
33,10018,127,1,340.1,0.05,340.1
34,10018,2,2,2266.0,0.0,4532.0
35,10018,108,1,221.4,0.1,221.4
36,10019,36,2,1176.0,0.0,2352.0
37,10020,103,1,399.0,0.05,399.0
38,10021,65,2,146.3,0.05,292.6
39,10022,89,2,26.0,0.0,52.0
40,10023,126,2,105.3,0.1,210.6
41,10023,31,2,602.0,0.0,1204.0
42,10024,2,1,2039.4,0.1,2039.4
43,10024,92,1,206.15,0.05,206.15
44,10025,60,2,351.0,0.0,702.0
45,10025,13,1,1493.0,0.0,1493.0
46,10025,50,2,292.0,0.0,584.0
47,10026,17,1,2046.0,0.0,2046.0
48,10026,136,1,279.0,0.0,279.0
49,10027,67,1,111.0,0.0,111.0
50,10027,56,1,203.0,0.0,203.0
51,10028,10,1,2589.0,0.0,2589.0
52,10028,45,1,637.45,0.05,637.45
53,10028,49,2,380.8,0.15,761.6
54,10029,106,1,555.0,0.0,555.0
55,10029,10,2,2589.0,0.0,5178.0
56,10030,40,2,1396.0,0.0,2792.0
57,10030,30,1,411.35,0.05,411.35
58,10031,17,1,2046.0,0.0,2046.0
59,10031,104,2,1042.15,0.05,2084.3
60,10032,25,2,1016.0,0.0,2032.0
61,10033,18,1,2164.0,0.0,2164.0
62,10033,35,2,368.1,0.1,736.2
63,10034,84,2,186.0,0.0,372.0
64,10034,121,1,300.9,0.15,300.9
65,10035,11,1,781.15,0.15,781.15
66,10036,38,2,929.05,0.15,1858.1
67,10037,34,1,1095.35,0.05,1095.35
68,10038,137,1,416.0,0.0,416.0
69,10039,129,2,234.0,0.1,468.0
70,10039,130,2,391.5,0.1,783.0
71,10040,109,1,956.0,0.0,956.0
72,10040,41,2,737.0,0.0,1474.0
73,10041,79,1,114.3,0.1,114.3
74,10041,75,1,105.4,0.15,105.4
75,10041,97,1,921.0,0.0,921.0
76,10042,69,1,101.0,0.0,101.0
77,10042,40,2,1256.4,0.1,2512.8
78,10042,98,1,397.1,0.05,397.1
79,10043,73,2,194.75,0.05,389.5
80,10044,72,1,177.0,0.0,177.0
81,10045,129,1,260.0,0.0,260.0
82,10046,98,1,418.0,0.0,418.0
83,10047,129,2,260.0,0.0,520.0
84,10048,30,1,433.0,0.0,433.0
85,10048,127,2,340.1,0.05,680.2
86,10049,61,1,177.0,0.0,177.0
87,10050,117,2,514.8,0.1,1029.6
88,10050,20,1,1502.0,0.0,1502.0
89,10050,120,1,1093.45,0.05,1093.45
90,10051,48,1,1212.95,0.15,1212.95
91,10051,7,1,1468.0,0.0,1468.0
92,10052,5,1,2440.0,0.0,2440.0
93,10052,42,1,981.75,0.15,981.75
94,10052,112,1,1269.0,0.0,1269.0
95,10053,55,1,96.9,0.15,96.9
96,10053,117,2,543.4,0.05,1086.8
97,10053,125,2,87.4,0.05,174.8
98,10054,19,2,2060.0,0.0,4120.0
99,10054,44,2,517.65,0.15,1035.3
100,10055,127,2,358.0,0.0,716.0
101,10056,81,2,89.0,0.0,178.0
102,10057,74,2,163.0,0.0,326.0
103,10057,49,1,425.6,0.05,425.6
104,10058,62,2,268.0,0.0,536.0
105,10059,139,2,277.2,0.1,554.4
106,10059,18,1,2164.0,0.0,2164.0
107,10060,40,1,1396.0,0.0,1396.0
108,10060,25,1,1016.0,0.0,1016.0
109,10061,28,2,943.0,0.0,1886.0
110,10061,97,2,828.9,0.1,1657.8
111,10062,140,2,397.8,0.1,795.6
112,10063,71,1,233.0,0.0,233.0
113,10064,13,2,1418.35,0.05,2836.7
114,10064,78,1,110.0,0.0,110.0
115,10065,29,1,1247.0,0.0,1247.0
116,10066,105,2,704.0,0.0,1408.0
117,10067,56,2,203.0,0.0,406.0
118,10067,27,2,706.5,0.1,1413.0
119,10067,52,1,39.0,0.0,39.0
120,10068,99,1,1074.6,0.1,1074.6
121,10069,89,2,23.4,0.1,46.8
122,10069,86,1,148.0,0.0,148.0
123,10070,92,1,217.0,0.0,217.0
124,10070,14,2,1030.0,0.0,2060.0
125,10071,35,1,409.0,0.0,409.0
126,10072,123,1,183.0,0.0,183.0
127,10072,97,2,921.0,0.0,1842.0
128,10073,132,1,317.05,0.15,317.05
129,10074,131,2,252.7,0.05,505.4
130,10075,37,1,311.1,0.15,311.1
131,10076,62,1,268.0,0.0,268.0
132,10077,1,2,1955.0,0.15,3910.0
133,10077,77,1,167.0,0.0,167.0
134,10078,61,1,168.15,0.05,168.15
135,10078,28,2,943.0,0.0,1886.0
136,10079,63,1,159.3,0.1,159.3
137,10079,23,2,1963.0,0.0,3926.0
138,10080,143,2,96.9,0.15,193.8
139,10081,80,2,94.0,0.0,188.0
140,10081,14,2,1030.0,0.0,2060.0
141,10082,29,1,1247.0,0.0,1247.0
142,10082,138,2,341.1,0.1,682.2
143,10083,138,2,379.0,0.0,758.0
144,10083,107,1,1169.0,0.0,1169.0
145,10084,59,1,198.05,0.15,198.05
146,10085,30,2,411.35,0.05,822.7
147,10086,77,2,167.0,0.0,334.0
148,10086,127,1,358.0,0.0,358.0
149,10087,117,1,543.4,0.05,543.4
150,10088,113,1,882.0,0.0,882.0
151,10088,107,1,1052.1,0.1,1052.1
152,10089,140,2,442.0,0.0,884.0
153,10089,5,1,2440.0,0.0,2440.0
154,10090,58,1,118.75,0.05,118.75
155,10091,130,2,435.0,0.0,870.0
156,10091,99,2,1014.9,0.15,2029.8
157,10091,60,2,333.45,0.05,666.9
158,10092,116,2,396.95,0.15,793.9
159,10092,17,1,2046.0,0.0,2046.0
160,10092,112,2,1142.1,0.1,2284.2
161,10093,57,2,294.0,0.0,588.0
162,10093,22,1,844.2,0.1,844.2
163,10093,44,1,609.0,0.0,609.0
164,10094,70,2,409.45,0.05,818.9
165,10094,65,2,154.0,0.0,308.0
166,10095,94,1,93.6,0.1,93.6
167,10095,101,2,335.7,0.1,671.4
168,10095,88,2,93.6,0.1,187.2
169,10096,14,1,927.0,0.1,927.0
170,10097,39,2,1192.25,0.05,2384.5
171,10097,33,1,465.0,0.0,465.0
172,10098,24,1,1640.0,0.0,1640.0
173,10098,30,2,433.0,0.0,866.0
174,10098,97,2,874.95,0.05,1749.9
175,10099,133,1,188.7,0.15,188.7
176,10099,79,2,107.95,0.15,215.9
177,10100,11,1,919.0,0.0,919.0
178,10101,134,1,110.2,0.05,110.2
179,10101,142,2,30.0,0.0,60.0
180,10102,60,2,333.45,0.05,666.9
181,10102,11,2,827.1,0.1,1654.2
182,10103,64,1,133.0,0.0,133.0
183,10103,14,2,927.0,0.1,1854.0
184,10104,22,1,797.3,0.15,797.3
185,10105,31,1,602.0,0.0,602.0
186,10105,99,2,1134.3,0.05,2268.6
187,10106,127,2,322.2,0.1,644.4
188,10106,83,1,15.0,0.0,15.0
189,10107,78,1,110.0,0.0,110.0
190,10107,6,1,1612.0,0.0,1612.0
191,10108,26,1,1313.0,0.0,1313.0
192,10109,69,2,101.0,0.0,202.0
193,10110,35,1,409.0,0.0,409.0
194,10110,98,1,376.2,0.1,376.2
195,10110,75,1,105.4,0.15,105.4
196,10111,4,2,1047.85,0.05,2095.7
197,10111,76,2,126.0,0.0,252.0
198,10112,47,1,1226.0,0.0,1226.0
199,10113,126,1,117.0,0.0,117.0
200,10114,77,1,158.65,0.05,158.65
201,10114,100,2,447.0,0.0,894.0
202,10115,44,2,517.65,0.15,1035.3
203,10116,77,2,158.65,0.05,317.3
204,10116,106,2,499.5,0.1,999.0
205,10116,35,2,409.0,0.0,818.0
206,10117,118,1,432.0,0.1,432.0
207,10117,28,2,801.55,0.15,1603.1
208,10118,17,1,1739.1,0.15,1739.1
209,10119,62,1,268.0,0.0,268.0
210,10119,16,2,1571.0,0.0,3142.0
211,10119,61,2,177.0,0.0,354.0
212,10120,52,1,39.0,0.0,39.0
213,10121,22,2,938.0,0.0,1876.0
214,10121,140,2,397.8,0.1,795.6
215,10121,40,1,1326.2,0.05,1326.2
216,10122,75,1,117.8,0.05,117.8
217,10122,97,2,921.0,0.0,1842.0
218,10122,115,1,440.0,0.0,440.0
219,10123,109,1,956.0,0.0,956.0
220,10124,41,1,700.15,0.05,700.15
221,10124,139,2,308.0,0.0,616.0
222,10125,54,1,237.0,0.0,237.0
223,10125,99,1,1134.3,0.05,1134.3
224,10126,16,2,1492.45,0.05,2984.9
225,10126,36,2,1176.0,0.0,2352.0
226,10127,137,1,395.2,0.05,395.2
227,10127,88,1,93.6,0.1,93.6
228,10127,6,1,1531.4,0.05,1531.4
229,10128,45,2,603.9,0.1,1207.8
230,10128,78,1,99.0,0.1,99.0
231,10129,116,1,443.65,0.05,443.65
232,10130,58,1,106.25,0.15,106.25
233,10131,61,1,168.15,0.05,168.15
234,10132,81,2,75.65,0.15,151.3
235,10132,47,1,1042.1,0.15,1042.1
236,10133,141,2,60.35,0.15,120.7
237,10134,90,1,80.75,0.15,80.75
238,10134,38,2,1093.0,0.0,2186.0
239,10135,142,2,30.0,0.0,60.0
240,10135,27,2,745.75,0.05,1491.5
241,10136,117,1,543.4,0.05,543.4
242,10137,45,2,671.0,0.0,1342.0
243,10138,134,1,116.0,0.0,116.0
244,10139,131,2,266.0,0.0,532.0
245,10139,142,2,28.5,0.05,57.0
246,10140,142,1,25.5,0.15,25.5
247,10141,12,1,923.4,0.05,923.4
248,10142,100,1,447.0,0.0,447.0
249,10142,54,2,201.45,0.15,402.9
250,10143,102,2,629.0,0.15,1258.0
251,10144,144,2,247.0,0.0,494.0
252,10144,98,1,418.0,0.0,418.0
253,10145,12,2,923.4,0.05,1846.8
254,10145,103,2,378.0,0.1,756.0
255,10145,3,2,1868.3,0.15,3736.6
256,10146,139,1,308.0,0.0,308.0
257,10146,94,2,104.0,0.0,208.0
258,10147,51,1,115.0,0.0,115.0
259,10148,15,2,1144.0,0.0,2288.0
260,10149,65,2,146.3,0.05,292.6
261,10150,66,1,136.8,0.1,136.8
262,10151,79,1,127.0,0.0,127.0
263,10151,113,1,749.7,0.15,749.7
264,10152,139,1,277.2,0.1,277.2
265,10152,134,2,110.2,0.05,220.4
266,10153,114,2,637.0,0.0,1274.0
267,10153,28,2,943.0,0.0,1886.0
268,10153,125,2,87.4,0.05,174.8
269,10154,114,1,637.0,0.0,637.0
270,10154,131,2,226.1,0.15,452.2
271,10155,72,1,177.0,0.0,177.0
272,10156,83,2,14.25,0.05,28.5
273,10156,26,1,1116.05,0.15,1116.05
274,10156,29,2,1059.95,0.15,2119.9
275,10157,55,1,96.9,0.15,96.9
276,10158,102,2,703.0,0.05,1406.0
277,10158,2,2,2152.7,0.05,4305.4
278,10159,57,1,264.6,0.1,264.6
279,10159,121,1,354.0,0.0,354.0
280,10160,125,1,82.8,0.1,82.8
281,10160,102,1,740.0,0.0,740.0
282,10161,45,2,570.35,0.15,1140.7
283,10161,23,2,1864.85,0.05,3729.7
284,10162,42,2,1097.25,0.05,2194.5
285,10162,53,1,50.35,0.05,50.35
286,10162,135,2,356.4,0.1,712.8
287,10163,34,2,1153.0,0.0,2306.0
288,10164,56,1,203.0,0.0,203.0
289,10164,9,2,2557.0,0.0,5114.0
290,10165,52,2,33.15,0.15,66.3
291,10165,137,1,395.2,0.05,395.2
292,10165,80,1,84.6,0.1,84.6
293,10166,21,2,1634.0,0.05,3268.0
294,10166,54,2,237.0,0.0,474.0
295,10167,92,1,206.15,0.05,206.15
296,10168,122,1,311.4,0.1,311.4
297,10168,115,2,418.0,0.05,836.0
298,10168,26,1,1313.0,0.0,1313.0
299,10169,86,2,148.0,0.0,296.0
300,10169,26,1,1313.0,0.0,1313.0
301,10170,77,2,158.65,0.05,317.3
302,10171,46,1,344.85,0.05,344.85
303,10171,11,2,827.1,0.1,1654.2
304,10172,108,1,221.4,0.1,221.4
305,10173,48,2,1212.95,0.15,2425.9
306,10173,41,1,737.0,0.0,737.0
307,10173,60,2,351.0,0.0,702.0
308,10174,116,2,467.0,0.0,934.0
309,10174,124,1,483.0,0.0,483.0
310,10175,21,1,1720.0,0.0,1720.0
311,10176,100,2,424.65,0.05,849.3
312,10177,11,2,919.0,0.0,1838.0
313,10177,126,2,117.0,0.0,234.0
314,10178,97,2,874.95,0.05,1749.9
315,10179,103,1,420.0,0.0,420.0
316,10180,76,1,126.0,0.0,126.0
317,10180,8,2,983.0,0.0,1966.0
318,10181,78,2,93.5,0.15,187.0
319,10182,78,1,110.0,0.0,110.0
320,10183,2,1,2152.7,0.05,2152.7
321,10184,5,2,2440.0,0.0,4880.0
322,10185,37,1,311.1,0.15,311.1
323,10185,107,2,1052.1,0.1,2104.2
324,10186,103,1,420.0,0.0,420.0
325,10186,2,1,2266.0,0.0,2266.0
326,10186,143,2,96.9,0.15,193.8
327,10187,105,2,633.6,0.1,1267.2
328,10187,89,2,26.0,0.0,52.0
329,10188,143,2,96.9,0.15,193.8
330,10188,41,1,737.0,0.0,737.0
331,10188,138,2,341.1,0.1,682.2
332,10189,142,2,30.0,0.0,60.0
333,10189,83,1,13.5,0.1,13.5
334,10189,115,1,374.0,0.15,374.0
335,10190,28,1,943.0,0.0,943.0
336,10191,66,2,144.4,0.05,288.8
337,10191,62,1,241.2,0.1,241.2
338,10191,107,2,1052.1,0.1,2104.2
339,10192,141,1,60.35,0.15,60.35
340,10192,64,1,133.0,0.0,133.0
341,10193,12,1,972.0,0.0,972.0
342,10193,4,1,992.7,0.1,992.7
343,10194,124,1,483.0,0.0,483.0
344,10194,8,2,933.85,0.05,1867.7
345,10195,109,2,908.2,0.05,1816.4
346,10196,17,1,2046.0,0.0,2046.0
347,10196,81,1,89.0,0.0,89.0
348,10196,117,1,514.8,0.1,514.8
349,10197,28,2,801.55,0.15,1603.1
350,10197,33,2,465.0,0.0,930.0
351,10198,22,2,891.1,0.05,1782.2
352,10199,21,2,1462.0,0.15,2924.0
353,10200,103,1,420.0,0.0,420.0
354,10200,135,2,396.0,0.0,792.0
355,10201,98,1,397.1,0.05,397.1
356,10201,113,1,749.7,0.15,749.7
357,10202,121,1,336.3,0.05,336.3
358,10202,52,2,35.1,0.1,70.2
359,10203,95,1,81.7,0.05,81.7
360,10203,10,1,2589.0,0.0,2589.0
361,10203,94,2,104.0,0.0,208.0
362,10204,32,2,364.0,0.0,728.0
363,10205,25,1,863.6,0.15,863.6
364,10206,87,2,51.0,0.0,102.0
365,10206,7,1,1468.0,0.0,1468.0
366,10207,116,1,420.3,0.1,420.3
367,10208,98,1,418.0,0.0,418.0
368,10208,114,2,637.0,0.0,1274.0
369,10209,75,1,117.8,0.05,117.8
370,10209,60,2,351.0,0.0,702.0
371,10210,119,1,172.0,0.0,172.0
372,10210,123,2,173.85,0.05,347.7
373,10211,114,1,637.0,0.0,637.0
374,10212,138,2,360.05,0.05,720.1
375,10212,18,2,2164.0,0.0,4328.0
376,10213,136,1,251.1,0.1,251.1
377,10213,143,2,114.0,0.0,228.0
378,10214,4,1,1103.0,0.0,1103.0
379,10214,33,1,465.0,0.0,465.0
380,10214,53,1,53.0,0.0,53.0
381,10215,5,2,2440.0,0.0,4880.0
382,10215,100,2,424.65,0.05,849.3
383,10216,81,1,75.65,0.15,75.65
384,10216,41,1,737.0,0.0,737.0
385,10217,60,2,351.0,0.0,702.0
386,10217,74,2,146.7,0.1,293.4
387,10218,21,2,1462.0,0.15,2924.0
388,10219,20,2,1502.0,0.0,3004.0
389,10219,65,2,154.0,0.0,308.0
390,10220,103,2,378.0,0.1,756.0
391,10220,98,2,418.0,0.0,836.0
392,10220,17,1,1841.4,0.1,1841.4
393,10221,119,2,163.4,0.05,326.8
394,10221,81,1,89.0,0.0,89.0
395,10222,132,1,373.0,0.0,373.0
396,10222,116,2,467.0,0.0,934.0
397,10223,71,2,198.05,0.15,396.1
398,10223,51,1,115.0,0.0,115.0
399,10223,53,1,53.0,0.0,53.0
400,10224,83,1,13.5,0.1,13.5
401,10224,10,1,2589.0,0.0,2589.0
402,10224,30,2,389.7,0.1,779.4
403,10225,25,2,965.2,0.05,1930.4
404,10225,27,1,745.75,0.05,745.75
405,10225,36,2,1176.0,0.0,2352.0
406,10226,94,1,104.0,0.0,104.0
407,10227,57,1,294.0,0.0,294.0
408,10227,94,1,104.0,0.0,104.0
409,10227,132,2,373.0,0.0,746.0
410,10228,104,1,987.3,0.1,987.3
411,10229,49,1,448.0,0.0,448.0
412,10229,12,1,874.8,0.1,874.8
413,10229,78,2,110.0,0.0,220.0
414,10230,23,2,1963.0,0.0,3926.0
415,10231,69,2,101.0,0.0,202.0
416,10231,104,1,1097.0,0.0,1097.0
417,10231,139,2,261.8,0.15,523.6
418,10232,112,2,1078.65,0.15,2157.3
419,10233,131,2,239.4,0.1,478.8
420,10234,99,2,1014.9,0.15,2029.8
421,10235,104,2,1097.0,0.0,2194.0
422,10235,33,1,418.5,0.1,418.5
423,10236,47,1,1226.0,0.0,1226.0
424,10236,42,2,1155.0,0.0,2310.0
425,10236,71,1,233.0,0.0,233.0
426,10237,137,1,416.0,0.0,416.0
427,10238,54,1,237.0,0.0,237.0
428,10239,15,1,1144.0,0.0,1144.0
429,10240,68,1,189.9,0.1,189.9
430,10240,63,1,159.3,0.1,159.3
431,10240,11,2,919.0,0.0,1838.0
432,10241,28,2,943.0,0.0,1886.0
433,10242,118,1,408.0,0.15,408.0
434,10243,13,1,1343.7,0.1,1343.7
435,10243,12,1,972.0,0.0,972.0
436,10244,137,2,416.0,0.0,832.0
437,10244,119,1,172.0,0.0,172.0
438,10244,21,2,1462.0,0.15,2924.0
439,10245,101,2,373.0,0.0,746.0
440,10245,131,1,266.0,0.0,266.0
441,10245,9,2,2557.0,0.0,5114.0
442,10246,91,2,65.45,0.15,130.9
443,10246,130,2,391.5,0.1,783.0
444,10246,77,2,150.3,0.1,300.6
445,10247,104,1,1097.0,0.0,1097.0
446,10247,90,1,90.25,0.05,90.25
447,10247,53,2,50.35,0.05,100.7
448,10248,42,1,1039.5,0.1,1039.5
449,10248,12,1,972.0,0.0,972.0
450,10248,16,2,1571.0,0.0,3142.0
451,10249,39,2,1255.0,0.0,2510.0
452,10249,26,2,1313.0,0.0,2626.0
453,10250,15,2,972.4,0.15,1944.8
454,10251,105,1,704.0,0.0,704.0
455,10251,21,1,1720.0,0.0,1720.0
456,10252,139,2,308.0,0.0,616.0
457,10253,19,1,2060.0,0.0,2060.0
458,10254,113,2,882.0,0.0,1764.0
459,10254,38,1,1093.0,0.0,1093.0
460,10255,23,2,1963.0,0.0,3926.0
461,10255,101,1,354.35,0.05,354.35
462,10255,114,2,541.45,0.15,1082.9
463,10256,124,2,410.55,0.15,821.1
464,10257,8,2,933.85,0.05,1867.7
465,10257,59,2,209.7,0.1,419.4
466,10258,5,2,2196.0,0.1,4392.0
467,10258,88,2,98.8,0.05,197.6
468,10259,79,2,120.65,0.05,241.3
469,10260,132,2,373.0,0.0,746.0
470,10260,42,2,1039.5,0.1,2079.0
471,10260,25,2,965.2,0.05,1930.4
472,10261,71,2,233.0,0.0,466.0
473,10261,85,1,108.0,0.1,108.0
474,10262,10,1,2589.0,0.0,2589.0
475,10262,85,1,114.0,0.05,114.0
476,10262,100,1,402.3,0.1,402.3
477,10263,39,2,1192.25,0.05,2384.5
478,10264,73,1,174.25,0.15,174.25
479,10264,50,2,292.0,0.0,584.0
480,10265,87,2,51.0,0.0,102.0
481,10265,32,1,364.0,0.0,364.0
482,10266,49,2,448.0,0.0,896.0
483,10267,86,1,148.0,0.0,148.0
484,10268,38,1,1038.35,0.05,1038.35
485,10269,83,2,15.0,0.0,30.0
486,10270,116,2,443.65,0.05,887.3
487,10270,25,2,863.6,0.15,1727.2
488,10270,102,1,666.0,0.1,666.0
489,10271,114,1,541.45,0.15,541.45
490,10271,93,1,150.1,0.05,150.1
491,10271,82,2,37.8,0.1,75.6
492,10272,95,2,73.1,0.15,146.2
493,10272,60,2,351.0,0.0,702.0
494,10272,67,1,99.9,0.1,99.9
495,10273,32,1,364.0,0.0,364.0
496,10274,112,2,1269.0,0.0,2538.0
497,10275,57,1,294.0,0.0,294.0
498,10275,15,2,1029.6,0.1,2059.2
499,10276,92,2,217.0,0.0,434.0
500,10277,116,2,396.95,0.15,793.9
501,10278,2,2,1926.1,0.15,3852.2
502,10279,86,2,148.0,0.0,296.0
503,10279,112,1,1269.0,0.0,1269.0
504,10280,79,2,120.65,0.05,241.3
505,10281,102,1,740.0,0.0,740.0
506,10282,2,2,2266.0,0.0,4532.0
507,10282,115,1,440.0,0.0,440.0
508,10283,71,2,233.0,0.0,466.0
509,10283,96,1,194.4,0.1,194.4
510,10283,138,1,360.05,0.05,360.05
511,10284,85,2,114.0,0.05,228.0
512,10284,9,2,2557.0,0.0,5114.0
513,10284,118,2,480.0,0.0,960.0
514,10285,7,1,1394.6,0.05,1394.6
515,10285,41,2,737.0,0.0,1474.0
516,10285,31,1,602.0,0.0,602.0
517,10286,85,2,102.0,0.15,204.0
518,10287,136,2,279.0,0.0,558.0
519,10287,5,2,2440.0,0.0,4880.0
520,10287,17,1,1943.7,0.05,1943.7
521,10288,20,1,1276.7,0.15,1276.7
522,10289,81,1,84.55,0.05,84.55
523,10289,115,2,440.0,0.0,880.0
524,10290,106,1,555.0,0.0,555.0
525,10291,134,2,98.6,0.15,197.2
526,10291,77,1,167.0,0.0,167.0
527,10292,48,1,1427.0,0.0,1427.0
528,10292,108,1,221.4,0.1,221.4
529,10292,27,1,785.0,0.0,785.0
530,10293,40,1,1256.4,0.1,1256.4
531,10294,100,2,447.0,0.0,894.0
532,10295,108,1,209.1,0.15,209.1
533,10295,135,1,376.2,0.05,376.2
534,10295,24,1,1476.0,0.1,1476.0
535,10296,46,2,308.55,0.15,617.1
536,10297,78,1,110.0,0.0,110.0
537,10297,98,2,376.2,0.1,752.4
538,10298,92,1,195.3,0.1,195.3
539,10298,21,2,1462.0,0.15,2924.0
540,10298,85,1,120.0,0.0,120.0
541,10299,5,2,2196.0,0.1,4392.0
542,10300,9,1,2557.0,0.0,2557.0
543,10300,64,1,119.7,0.1,119.7
544,10301,58,2,125.0,0.0,250.0
545,10302,54,1,201.45,0.15,201.45
546,10303,101,2,373.0,0.0,746.0
547,10303,118,1,432.0,0.1,432.0
548,10303,105,1,704.0,0.0,704.0
549,10304,136,1,237.15,0.15,237.15
550,10305,52,1,39.0,0.0,39.0
551,10306,137,2,416.0,0.0,832.0
552,10306,8,2,835.55,0.15,1671.1
553,10307,126,2,117.0,0.0,234.0
554,10308,15,2,1144.0,0.0,2288.0
555,10309,90,1,90.25,0.05,90.25
556,10310,85,1,114.0,0.05,114.0
557,10310,76,2,126.0,0.0,252.0
558,10311,95,2,73.1,0.15,146.2
559,10312,41,1,700.15,0.05,700.15
560,10313,127,1,340.1,0.05,340.1
561,10314,1,1,1955.0,0.15,1955.0
562,10314,7,1,1468.0,0.0,1468.0
563,10314,6,1,1612.0,0.0,1612.0
564,10315,36,1,1176.0,0.0,1176.0
565,10316,120,1,1151.0,0.0,1151.0
566,10317,111,2,1138.1,0.05,2276.2
567,10318,123,1,183.0,0.0,183.0
568,10319,67,1,94.35,0.15,94.35
569,10320,26,2,1313.0,0.0,2626.0
570,10321,50,1,292.0,0.0,292.0
571,10321,140,1,442.0,0.0,442.0
572,10322,90,1,95.0,0.0,95.0
573,10322,4,1,937.55,0.15,937.55
574,10323,41,1,737.0,0.0,737.0
575,10324,28,2,895.85,0.05,1791.7
576,10324,1,2,2300.0,0.0,4600.0
577,10324,143,1,96.9,0.15,96.9
578,10325,71,1,233.0,0.0,233.0
579,10325,35,2,409.0,0.0,818.0
580,10326,110,2,719.1,0.15,1438.2
581,10327,138,2,379.0,0.0,758.0
582,10327,41,2,737.0,0.0,1474.0
583,10328,144,1,247.0,0.0,247.0
584,10328,112,1,1205.55,0.05,1205.55
585,10329,74,2,146.7,0.1,293.4
586,10330,6,2,1370.2,0.15,2740.4
587,10331,72,1,177.0,0.0,177.0
588,10332,118,2,480.0,0.0,960.0
589,10332,89,1,26.0,0.0,26.0
590,10332,98,1,418.0,0.0,418.0
591,10333,13,2,1493.0,0.0,2986.0
592,10334,88,1,88.4,0.15,88.4
593,10335,76,2,126.0,0.0,252.0
594,10335,141,1,67.45,0.05,67.45
595,10336,118,2,480.0,0.0,960.0
596,10337,28,1,801.55,0.15,801.55
597,10338,45,1,671.0,0.0,671.0
598,10339,58,1,118.75,0.05,118.75
599,10340,144,2,247.0,0.0,494.0
600,10340,96,1,216.0,0.0,216.0
601,10341,20,1,1426.9,0.05,1426.9
602,10341,77,1,158.65,0.05,158.65
603,10342,87,2,51.0,0.0,102.0
604,10343,7,1,1468.0,0.0,1468.0
605,10343,130,1,435.0,0.0,435.0
606,10344,71,1,198.05,0.15,198.05
607,10344,35,1,409.0,0.0,409.0
608,10345,4,2,937.55,0.15,1875.1
609,10345,81,2,80.1,0.1,160.2
610,10345,67,2,111.0,0.0,222.0
611,10346,108,2,209.1,0.15,418.2
612,10347,142,2,27.0,0.1,54.0
613,10347,67,2,94.35,0.15,188.7
614,10348,39,2,1255.0,0.0,2510.0
615,10348,83,1,15.0,0.0,15.0
616,10349,98,2,418.0,0.0,836.0
617,10349,102,2,666.0,0.1,1332.0
618,10350,32,1,364.0,0.0,364.0
619,10351,47,1,1042.1,0.15,1042.1
620,10351,60,1,298.35,0.15,298.35
621,10351,107,2,1169.0,0.0,2338.0
622,10352,2,1,2266.0,0.0,2266.0
623,10352,20,1,1502.0,0.0,1502.0
624,10353,29,2,1184.65,0.05,2369.3
625,10353,40,2,1186.6,0.15,2373.2
626,10354,61,2,177.0,0.0,354.0
627,10354,26,1,1313.0,0.0,1313.0
628,10355,2,1,2266.0,0.0,2266.0
629,10356,119,1,154.8,0.1,154.8
630,10356,144,1,247.0,0.0,247.0
631,10357,19,1,1751.0,0.15,1751.0
632,10357,131,1,252.7,0.05,252.7
633,10358,131,1,266.0,0.0,266.0
634,10358,124,1,434.7,0.1,434.7
635,10359,69,2,101.0,0.0,202.0
636,10359,101,1,335.7,0.1,335.7
637,10360,14,1,1030.0,0.0,1030.0
638,10361,51,2,109.25,0.05,218.5
639,10362,131,1,266.0,0.0,266.0
640,10362,40,1,1256.4,0.1,1256.4
641,10363,6,2,1531.4,0.05,3062.8
642,10363,49,1,448.0,0.0,448.0
643,10363,119,2,163.4,0.05,326.8
644,10364,135,1,396.0,0.0,396.0
645,10364,100,2,447.0,0.0,894.0
646,10365,46,1,326.7,0.1,326.7
647,10365,19,2,2060.0,0.0,4120.0
648,10366,121,1,336.3,0.05,336.3
649,10367,5,2,2074.0,0.15,4148.0
650,10367,19,2,2060.0,0.0,4120.0
651,10368,49,1,403.2,0.1,403.2
652,10368,113,1,882.0,0.0,882.0
653,10369,60,2,315.9,0.1,631.8
654,10370,56,1,203.0,0.0,203.0
655,10371,93,1,158.0,0.0,158.0
656,10372,110,2,803.7,0.05,1607.4
657,10373,48,1,1427.0,0.0,1427.0
658,10374,141,2,71.0,0.0,142.0
659,10374,41,2,737.0,0.0,1474.0
660,10375,54,1,225.15,0.05,225.15
661,10375,131,1,239.4,0.1,239.4
662,10376,78,2,110.0,0.0,220.0
663,10377,84,2,158.1,0.15,316.2
664,10378,57,2,294.0,0.0,588.0
665,10378,16,1,1571.0,0.0,1571.0
666,10379,136,2,279.0,0.0,558.0
667,10380,109,1,812.6,0.15,812.6
668,10380,19,1,2060.0,0.0,2060.0
669,10381,55,2,114.0,0.0,228.0
670,10381,143,2,102.6,0.1,205.2
671,10381,13,1,1493.0,0.0,1493.0
672,10382,96,1,205.2,0.05,205.2
673,10382,81,2,89.0,0.0,178.0
674,10383,133,1,199.8,0.1,199.8
675,10383,76,1,107.1,0.15,107.1
676,10383,37,2,329.4,0.1,658.8
677,10384,3,2,1978.2,0.1,3956.4
678,10385,40,2,1326.2,0.05,2652.4
679,10386,61,1,150.45,0.15,150.45
680,10386,27,1,785.0,0.0,785.0
681,10387,140,1,419.9,0.05,419.9
682,10388,6,1,1612.0,0.0,1612.0
683,10388,109,2,860.4,0.1,1720.8
684,10388,20,1,1502.0,0.0,1502.0
685,10389,41,2,700.15,0.05,1400.3
686,10390,5,2,2318.0,0.05,4636.0
687,10390,96,2,183.6,0.15,367.2
688,10391,141,1,60.35,0.15,60.35
689,10391,100,2,447.0,0.0,894.0
690,10392,134,1,104.4,0.1,104.4
691,10392,31,1,602.0,0.0,602.0
692,10392,73,1,194.75,0.05,194.75
693,10393,37,2,366.0,0.0,732.0
694,10393,60,2,315.9,0.1,631.8
695,10394,30,1,433.0,0.0,433.0
696,10394,73,1,184.5,0.1,184.5
697,10395,49,1,403.2,0.1,403.2
698,10395,143,1,114.0,0.0,114.0
699,10395,101,1,354.35,0.05,354.35
700,10396,131,2,266.0,0.0,532.0
701,10396,50,2,292.0,0.0,584.0
702,10397,137,1,353.6,0.15,353.6
703,10398,26,1,1313.0,0.0,1313.0
704,10398,28,2,943.0,0.0,1886.0
705,10398,81,1,75.65,0.15,75.65
706,10399,115,2,396.0,0.1,792.0
707,10400,102,2,703.0,0.05,1406.0
708,10400,57,1,294.0,0.0,294.0
709,10400,32,1,364.0,0.0,364.0
710,10401,98,2,397.1,0.05,794.2
711,10401,30,2,389.7,0.1,779.4
712,10401,114,2,637.0,0.0,1274.0
713,10402,104,1,1042.15,0.05,1042.15
714,10403,30,2,433.0,0.0,866.0
715,10404,79,2,120.65,0.05,241.3
716,10405,118,1,480.0,0.0,480.0
717,10405,7,1,1394.6,0.05,1394.6
718,10406,30,1,389.7,0.1,389.7
719,10407,114,2,605.15,0.05,1210.3
720,10408,83,1,14.25,0.05,14.25
721,10409,16,2,1571.0,0.0,3142.0
722,10409,91,2,77.0,0.0,154.0
723,10410,5,1,2196.0,0.1,2196.0
724,10410,25,1,1016.0,0.0,1016.0
725,10411,39,1,1066.75,0.15,1066.75
726,10412,75,2,124.0,0.0,248.0
727,10413,136,2,265.05,0.05,530.1
728,10413,92,1,217.0,0.0,217.0
729,10414,121,2,300.9,0.15,601.8
730,10415,2,1,2152.7,0.05,2152.7
731,10415,55,2,114.0,0.0,228.0
732,10415,31,1,541.8,0.1,541.8
733,10416,88,2,104.0,0.0,208.0
734,10417,110,2,846.0,0.0,1692.0
735,10418,116,2,467.0,0.0,934.0
736,10419,116,2,420.3,0.1,840.6
737,10420,17,1,2046.0,0.0,2046.0
738,10420,133,1,199.8,0.1,199.8
739,10421,102,1,740.0,0.0,740.0
740,10421,98,2,418.0,0.0,836.0
741,10421,82,2,35.7,0.15,71.4
742,10422,89,2,22.1,0.15,44.2
743,10422,23,2,1963.0,0.0,3926.0
744,10423,75,2,117.8,0.05,235.6
745,10423,137,2,353.6,0.15,707.2
746,10424,49,2,380.8,0.15,761.6
747,10425,74,1,154.85,0.05,154.85
748,10426,87,1,51.0,0.0,51.0
749,10426,80,2,94.0,0.0,188.0
750,10427,54,2,213.3,0.1,426.6
751,10427,38,2,1093.0,0.0,2186.0
752,10428,73,2,184.5,0.1,369.0
753,10428,28,1,943.0,0.0,943.0
754,10429,96,2,216.0,0.0,432.0
755,10430,118,2,432.0,0.1,864.0
756,10431,111,1,1198.0,0.0,1198.0
757,10432,23,1,1766.7,0.1,1766.7
758,10433,15,2,1086.8,0.05,2173.6
759,10433,142,2,30.0,0.0,60.0
760,10434,103,2,420.0,0.0,840.0
761,10434,111,2,1198.0,0.0,2396.0
762,10435,143,1,102.6,0.1,102.6
763,10436,66,1,129.2,0.15,129.2
764,10436,61,2,177.0,0.0,354.0
765,10436,31,1,602.0,0.0,602.0
766,10437,29,2,1122.3,0.1,2244.6
767,10438,60,1,351.0,0.0,351.0
768,10439,58,1,106.25,0.15,106.25
769,10439,95,2,73.1,0.15,146.2
770,10439,109,1,860.4,0.1,860.4
771,10440,57,2,264.6,0.1,529.2
772,10441,14,1,875.5,0.15,875.5
773,10441,61,2,159.3,0.1,318.6
774,10442,137,2,416.0,0.0,832.0
775,10442,77,2,150.3,0.1,300.6
776,10443,132,1,373.0,0.0,373.0
777,10443,54,2,237.0,0.0,474.0
778,10444,44,2,517.65,0.15,1035.3
779,10445,6,2,1612.0,0.0,3224.0
780,10445,121,1,354.0,0.0,354.0
781,10446,29,1,1184.65,0.05,1184.65
782,10446,65,2,154.0,0.0,308.0
783,10447,99,1,1194.0,0.0,1194.0
784,10447,18,1,2164.0,0.0,2164.0
785,10448,73,1,174.25,0.15,174.25
786,10448,1,1,2300.0,0.0,2300.0
787,10448,58,2,125.0,0.0,250.0
788,10449,33,2,441.75,0.05,883.5
789,10449,43,1,1026.9,0.1,1026.9
790,10449,58,2,106.25,0.15,212.5
791,10450,55,1,96.9,0.15,96.9
792,10450,30,1,368.05,0.15,368.05
793,10450,72,2,177.0,0.0,354.0
794,10451,28,2,801.55,0.15,1603.1
795,10452,56,1,172.55,0.15,172.55
796,10453,97,1,921.0,0.0,921.0
797,10454,114,2,637.0,0.0,1274.0
798,10455,90,2,95.0,0.0,190.0
799,10456,126,2,117.0,0.0,234.0
800,10457,114,2,541.45,0.15,1082.9
801,10457,6,1,1612.0,0.0,1612.0
802,10457,21,1,1720.0,0.0,1720.0
803,10458,95,1,86.0,0.0,86.0
804,10459,121,2,336.3,0.05,672.6
805,10460,68,1,179.35,0.15,179.35
806,10460,115,2,440.0,0.0,880.0
807,10460,143,2,114.0,0.0,228.0
808,10461,81,2,89.0,0.0,178.0
809,10462,111,2,1198.0,0.0,2396.0
810,10462,90,2,85.5,0.1,171.0
811,10463,50,2,292.0,0.0,584.0
812,10464,7,2,1394.6,0.05,2789.2
813,10465,45,2,637.45,0.05,1274.9
814,10465,52,1,37.05,0.05,37.05
815,10465,22,2,797.3,0.15,1594.6
816,10466,123,2,155.55,0.15,311.1
817,10467,39,1,1192.25,0.05,1192.25
818,10468,77,2,158.65,0.05,317.3
819,10469,39,2,1255.0,0.0,2510.0
820,10469,108,2,209.1,0.15,418.2
821,10469,134,1,116.0,0.0,116.0
822,10470,89,2,26.0,0.0,52.0
823,10471,45,2,671.0,0.0,1342.0
824,10471,88,1,104.0,0.0,104.0
825,10471,70,2,431.0,0.0,862.0
826,10472,60,1,351.0,0.0,351.0
827,10473,21,1,1720.0,0.0,1720.0
828,10473,57,1,294.0,0.0,294.0
829,10473,111,2,1138.1,0.05,2276.2
830,10474,61,2,177.0,0.0,354.0
831,10475,1,2,2300.0,0.0,4600.0
832,10475,45,1,671.0,0.0,671.0
833,10475,93,2,150.1,0.05,300.2
834,10476,129,2,247.0,0.05,494.0
835,10477,105,2,668.8,0.05,1337.6
836,10477,61,2,150.45,0.15,300.9
837,10477,2,2,2039.4,0.1,4078.8
838,10478,30,2,433.0,0.0,866.0
839,10478,93,2,158.0,0.0,316.0
840,10478,27,1,785.0,0.0,785.0
841,10479,85,1,120.0,0.0,120.0
842,10480,72,1,177.0,0.0,177.0
843,10480,89,1,22.1,0.15,22.1
844,10480,117,1,572.0,0.0,572.0
845,10481,66,2,152.0,0.0,304.0
846,10482,122,1,294.1,0.15,294.1
847,10483,17,2,2046.0,0.0,4092.0
848,10484,30,2,433.0,0.0,866.0
849,10485,60,1,351.0,0.0,351.0
850,10485,100,2,447.0,0.0,894.0
851,10486,140,1,375.7,0.15,375.7
852,10487,96,2,194.4,0.1,388.8
853,10488,49,2,403.2,0.1,806.4
854,10489,108,2,209.1,0.15,418.2
855,10490,93,1,158.0,0.0,158.0
856,10491,87,2,51.0,0.0,102.0
857,10492,14,1,875.5,0.15,875.5
858,10493,69,1,101.0,0.0,101.0
859,10494,144,1,247.0,0.0,247.0
860,10495,97,1,828.9,0.1,828.9
861,10496,118,1,408.0,0.15,408.0
862,10497,108,1,209.1,0.15,209.1
863,10498,27,1,745.75,0.05,745.75
864,10499,128,1,433.8,0.1,433.8
865,10499,36,1,1176.0,0.0,1176.0
866,10500,124,2,483.0,0.0,966.0
867,10501,6,1,1370.2,0.15,1370.2
868,10501,11,2,781.15,0.15,1562.3
869,10501,88,1,104.0,0.0,104.0
870,10502,6,2,1370.2,0.15,2740.4
871,10503,56,1,203.0,0.0,203.0
872,10503,126,1,105.3,0.1,105.3
873,10504,68,1,211.0,0.0,211.0
874,10504,45,2,671.0,0.0,1342.0
875,10505,143,2,114.0,0.0,228.0
876,10505,124,2,483.0,0.0,966.0
877,10505,86,2,133.2,0.1,266.4
878,10506,73,1,205.0,0.0,205.0
879,10506,88,1,88.4,0.15,88.4
880,10507,144,1,234.65,0.05,234.65
881,10507,77,1,150.3,0.1,150.3
882,10507,12,2,972.0,0.0,1944.0
883,10508,14,1,875.5,0.15,875.5
884,10508,1,1,2300.0,0.0,2300.0
885,10509,64,2,113.05,0.15,226.1
886,10509,143,1,102.6,0.1,102.6
887,10509,60,1,351.0,0.0,351.0
888,10510,126,1,99.45,0.15,99.45
889,10511,8,1,933.85,0.05,933.85
890,10511,51,2,109.25,0.05,218.5
891,10512,23,1,1963.0,0.0,1963.0
892,10512,135,2,396.0,0.0,792.0
893,10513,20,1,1426.9,0.05,1426.9
894,10513,33,2,465.0,0.0,930.0
895,10514,67,1,94.35,0.15,94.35
896,10515,38,2,983.7,0.1,1967.4
897,10516,112,1,1269.0,0.0,1269.0
898,10516,125,2,92.0,0.0,184.0
899,10516,17,2,1841.4,0.1,3682.8
900,10517,92,1,184.45,0.15,184.45
901,10518,63,2,177.0,0.0,354.0
902,10518,116,2,467.0,0.0,934.0
903,10518,43,2,969.85,0.15,1939.7
904,10519,30,2,389.7,0.1,779.4
905,10520,136,2,237.15,0.15,474.3
906,10521,7,1,1247.8,0.15,1247.8
907,10521,72,2,168.15,0.05,336.3
908,10521,104,2,987.3,0.1,1974.6
909,10522,93,1,150.1,0.05,150.1
910,10522,50,2,277.4,0.05,554.8
911,10523,28,1,943.0,0.0,943.0
912,10523,68,1,211.0,0.0,211.0
913,10524,87,1,48.45,0.05,48.45
914,10525,139,1,261.8,0.15,261.8
915,10525,98,1,418.0,0.0,418.0
916,10526,86,1,140.6,0.05,140.6
917,10526,32,2,364.0,0.0,728.0
918,10526,4,1,1103.0,0.0,1103.0
919,10527,83,2,15.0,0.0,30.0
920,10528,39,1,1129.5,0.1,1129.5
921,10529,68,2,200.45,0.05,400.9
922,10530,55,2,114.0,0.0,228.0
923,10530,81,1,89.0,0.0,89.0
924,10531,38,2,1038.35,0.05,2076.7
925,10531,59,1,233.0,0.0,233.0
926,10531,139,1,308.0,0.0,308.0
927,10532,90,2,95.0,0.0,190.0
928,10533,1,2,2300.0,0.0,4600.0
929,10533,39,1,1255.0,0.0,1255.0
930,10533,49,1,448.0,0.0,448.0
931,10534,66,2,152.0,0.0,304.0
932,10534,90,2,85.5,0.1,171.0
933,10535,55,2,96.9,0.15,193.8
934,10536,82,2,37.8,0.1,75.6
935,10536,106,2,555.0,0.0,1110.0
936,10537,10,2,2330.1,0.1,4660.2
937,10538,18,1,2164.0,0.0,2164.0
938,10539,46,1,363.0,0.0,363.0
939,10539,101,1,335.7,0.1,335.7
940,10539,17,2,2046.0,0.0,4092.0
941,10540,125,1,82.8,0.1,82.8
942,10540,70,2,387.9,0.1,775.8
943,10541,5,2,2196.0,0.1,4392.0
944,10541,37,2,311.1,0.15,622.2
945,10542,131,2,266.0,0.0,532.0
946,10542,120,2,1151.0,0.0,2302.0
947,10542,115,2,440.0,0.0,880.0
948,10543,16,2,1413.9,0.1,2827.8
949,10543,121,2,318.6,0.1,637.2
950,10543,142,1,30.0,0.0,30.0
951,10544,81,2,89.0,0.0,178.0
952,10545,48,1,1212.95,0.15,1212.95
953,10545,143,1,114.0,0.0,114.0
954,10546,96,1,216.0,0.0,216.0
955,10547,62,1,268.0,0.0,268.0
956,10547,89,2,26.0,0.0,52.0
957,10547,8,1,983.0,0.0,983.0
958,10548,137,2,416.0,0.0,832.0
959,10549,70,1,431.0,0.0,431.0
960,10550,83,1,15.0,0.0,15.0
961,10551,117,2,572.0,0.0,1144.0
962,10551,98,2,355.3,0.15,710.6
963,10552,5,1,2318.0,0.05,2318.0
964,10552,138,1,379.0,0.0,379.0
965,10553,97,2,782.85,0.15,1565.7
966,10553,70,1,409.45,0.05,409.45
967,10554,115,2,440.0,0.0,880.0
968,10555,48,1,1355.65,0.05,1355.65
969,10555,12,1,826.2,0.15,826.2
970,10556,36,2,1176.0,0.0,2352.0
971,10556,5,1,2440.0,0.0,2440.0
972,10557,89,2,26.0,0.0,52.0
973,10558,101,2,373.0,0.0,746.0
974,10558,38,1,1093.0,0.0,1093.0
975,10558,61,1,177.0,0.0,177.0
976,10559,11,1,919.0,0.0,919.0
977,10560,134,1,98.6,0.15,98.6
978,10560,27,1,667.25,0.15,667.25
979,10560,45,1,671.0,0.0,671.0
980,10561,11,2,919.0,0.0,1838.0
981,10561,42,1,1155.0,0.0,1155.0
982,10562,44,2,609.0,0.0,1218.0
983,10562,133,2,222.0,0.0,444.0
984,10563,13,2,1493.0,0.0,2986.0
985,10564,81,1,89.0,0.0,89.0
986,10565,75,2,124.0,0.0,248.0
987,10565,5,1,2440.0,0.0,2440.0
988,10566,72,2,159.3,0.1,318.6
989,10566,125,2,92.0,0.0,184.0
990,10567,28,1,801.55,0.15,801.55
991,10567,55,1,96.9,0.15,96.9
992,10568,135,1,396.0,0.0,396.0
993,10568,14,2,875.5,0.15,1751.0
994,10569,59,2,233.0,0.0,466.0
995,10570,100,1,379.95,0.15,379.95
996,10570,35,1,347.65,0.15,347.65
997,10571,44,2,578.55,0.05,1157.1
998,10571,45,1,671.0,0.0,671.0
999,10571,136,1,279.0,0.0,279.0
1000,10572,34,2,1095.35,0.05,2190.7
1001,10573,39,2,1255.0,0.0,2510.0
1002,10574,67,1,111.0,0.0,111.0
1003,10575,30,1,411.35,0.05,411.35
1004,10575,13,2,1493.0,0.0,2986.0
1005,10576,83,1,15.0,0.0,15.0
1006,10576,46,1,363.0,0.0,363.0
1007,10576,106,2,555.0,0.0,1110.0
1008,10577,97,1,782.85,0.15,782.85
1009,10578,94,2,104.0,0.0,208.0
1010,10578,126,2,117.0,0.0,234.0
1011,10579,25,1,1016.0,0.0,1016.0
1012,10579,1,1,2185.0,0.05,2185.0
1013,10580,77,2,150.3,0.1,300.6
1014,10580,22,1,891.1,0.05,891.1
1015,10581,1,2,2070.0,0.1,4140.0
1016,10581,92,2,195.3,0.1,390.6
1017,10581,78,1,110.0,0.0,110.0
1018,10582,144,2,234.65,0.05,469.3
1019,10583,35,1,347.65,0.15,347.65
1020,10583,122,1,346.0,0.0,346.0
1021,10583,37,2,366.0,0.0,732.0
1022,10584,19,1,1854.0,0.1,1854.0
1023,10584,20,1,1426.9,0.05,1426.9
1024,10585,19,1,1957.0,0.05,1957.0
1025,10586,38,2,1093.0,0.0,2186.0
1026,10587,121,2,336.3,0.05,672.6
1027,10588,123,2,183.0,0.0,366.0
1028,10588,110,2,761.4,0.1,1522.8
1029,10589,57,2,264.6,0.1,529.2
1030,10589,22,2,891.1,0.05,1782.2
1031,10590,138,2,379.0,0.0,758.0
1032,10591,31,1,602.0,0.0,602.0
1033,10591,51,2,97.75,0.15,195.5
1034,10592,27,2,785.0,0.0,1570.0
1035,10593,90,1,95.0,0.0,95.0
1036,10593,72,1,177.0,0.0,177.0
1037,10593,15,2,1144.0,0.0,2288.0
1038,10594,43,1,969.85,0.15,969.85
1039,10594,105,2,633.6,0.1,1267.2
1040,10595,33,1,395.25,0.15,395.25
1041,10596,71,2,233.0,0.0,466.0
1042,10597,40,2,1326.2,0.05,2652.4
1043,10597,137,1,374.4,0.1,374.4
1044,10598,96,1,183.6,0.15,183.6
1045,10599,60,1,315.9,0.1,315.9
1046,10599,33,2,465.0,0.0,930.0
1047,10599,140,1,375.7,0.15,375.7
1048,10600,66,2,152.0,0.0,304.0
1049,10600,95,1,86.0,0.0,86.0
1050,10600,46,1,326.7,0.1,326.7
1051,10601,47,1,1103.4,0.1,1103.4
1052,10601,59,1,233.0,0.0,233.0
1053,10602,144,1,209.95,0.15,209.95
1054,10602,30,1,411.35,0.05,411.35
1055,10603,42,1,1039.5,0.1,1039.5
1056,10603,131,1,266.0,0.0,266.0
1057,10604,43,1,1141.0,0.0,1141.0
1058,10605,35,2,409.0,0.0,818.0
1059,10605,119,2,172.0,0.0,344.0
1060,10605,48,2,1427.0,0.0,2854.0
1061,10606,9,2,2557.0,0.0,5114.0
1062,10607,119,1,172.0,0.0,172.0
1063,10608,105,1,704.0,0.0,704.0
1064,10609,24,2,1640.0,0.0,3280.0
1065,10609,60,2,298.35,0.15,596.7
1066,10610,131,2,266.0,0.0,532.0
1067,10610,41,1,737.0,0.0,737.0
1068,10611,55,1,114.0,0.0,114.0
1069,10611,134,2,116.0,0.0,232.0
1070,10612,70,1,409.45,0.05,409.45
1071,10612,11,2,781.15,0.15,1562.3
1072,10612,82,2,42.0,0.0,84.0
1073,10613,144,1,247.0,0.0,247.0
1074,10613,13,1,1493.0,0.0,1493.0
1075,10614,50,2,277.4,0.05,554.8
1076,10614,47,2,1226.0,0.0,2452.0
1077,10614,2,1,2266.0,0.0,2266.0
1078,10615,73,1,184.5,0.1,184.5
1079,10616,66,2,152.0,0.0,304.0
1080,10616,104,2,987.3,0.1,1974.6
1081,10616,85,1,108.0,0.1,108.0
1082,10617,116,2,467.0,0.0,934.0
1083,10618,105,2,704.0,0.0,1408.0
1084,10619,47,1,1103.4,0.1,1103.4
1085,10620,126,2,117.0,0.0,234.0
1086,10621,72,2,168.15,0.05,336.3
1087,10621,132,2,373.0,0.0,746.0
1088,10622,84,1,167.4,0.1,167.4
1089,10622,123,2,183.0,0.0,366.0
1090,10622,115,2,418.0,0.05,836.0
1091,10623,82,1,42.0,0.0,42.0
1092,10624,137,2,353.6,0.15,707.2
1093,10625,68,1,200.45,0.05,200.45
1094,10625,34,1,1095.35,0.05,1095.35
1095,10626,83,2,13.5,0.1,27.0
1096,10626,29,2,1247.0,0.0,2494.0
1097,10626,130,2,369.75,0.15,739.5
1098,10627,78,2,110.0,0.0,220.0
1099,10628,41,1,737.0,0.0,737.0
1100,10628,137,1,395.2,0.05,395.2
1101,10628,144,2,247.0,0.0,494.0
1102,10629,7,1,1321.2,0.1,1321.2
1103,10630,100,2,447.0,0.0,894.0
1104,10631,89,1,26.0,0.0,26.0
1105,10631,108,1,221.4,0.1,221.4
1106,10632,84,1,186.0,0.0,186.0
1107,10633,45,1,637.45,0.05,637.45
1108,10634,19,2,2060.0,0.0,4120.0
1109,10634,49,2,448.0,0.0,896.0
1110,10634,99,2,1134.3,0.05,2268.6
1111,10635,30,2,433.0,0.0,866.0
1112,10636,85,2,102.0,0.15,204.0
1113,10636,31,2,602.0,0.0,1204.0
1114,10637,114,2,637.0,0.0,1274.0
1115,10638,144,1,234.65,0.05,234.65
1116,10638,46,1,363.0,0.0,363.0
1117,10638,5,1,2318.0,0.05,2318.0
1118,10639,61,2,150.45,0.15,300.9
1119,10639,142,2,28.5,0.05,57.0
1120,10640,80,1,84.6,0.1,84.6
1121,10640,115,2,374.0,0.15,748.0
1122,10640,40,1,1326.2,0.05,1326.2
1123,10641,43,2,1026.9,0.1,2053.8
1124,10641,112,1,1205.55,0.05,1205.55
1125,10642,76,2,126.0,0.0,252.0
1126,10643,51,2,115.0,0.0,230.0
1127,10644,66,2,152.0,0.0,304.0
1128,10644,108,2,209.1,0.15,418.2
1129,10645,67,1,111.0,0.0,111.0
1130,10645,79,1,107.95,0.15,107.95
1131,10646,62,1,227.8,0.15,227.8
1132,10647,3,1,2198.0,0.0,2198.0
1133,10647,70,2,431.0,0.0,862.0
1134,10647,28,1,943.0,0.0,943.0
1135,10648,13,1,1493.0,0.0,1493.0
1136,10648,28,2,943.0,0.0,1886.0
1137,10649,91,1,69.3,0.1,69.3
1138,10650,110,1,803.7,0.05,803.7
1139,10651,86,1,148.0,0.0,148.0
1140,10652,94,1,104.0,0.0,104.0
1141,10652,6,1,1612.0,0.0,1612.0
1142,10652,111,2,1198.0,0.0,2396.0
1143,10653,89,2,23.4,0.1,46.8
1144,10654,95,1,86.0,0.0,86.0
1145,10654,62,2,268.0,0.0,536.0
1146,10655,78,1,99.0,0.1,99.0
1147,10655,84,2,176.7,0.05,353.4
1148,10655,93,2,134.3,0.15,268.6
1149,10656,141,1,71.0,0.0,71.0
1150,10657,106,2,555.0,0.0,1110.0
1151,10657,117,1,486.2,0.15,486.2
1152,10658,16,1,1413.9,0.1,1413.9
1153,10659,74,1,163.0,0.0,163.0
1154,10660,41,1,737.0,0.0,737.0
1155,10661,99,1,1194.0,0.0,1194.0
1156,10661,67,2,111.0,0.0,222.0
1157,10661,82,1,42.0,0.0,42.0
1158,10662,70,2,431.0,0.0,862.0
1159,10663,83,2,12.75,0.15,25.5
1160,10664,4,1,992.7,0.1,992.7
1161,10665,1,1,2185.0,0.05,2185.0
1162,10665,2,2,2266.0,0.0,4532.0
1163,10665,129,1,234.0,0.1,234.0
1164,10666,142,2,30.0,0.0,60.0
1165,10667,93,2,134.3,0.15,268.6
1166,10667,96,2,216.0,0.0,432.0
1167,10667,19,1,1854.0,0.1,1854.0
1168,10668,130,2,435.0,0.0,870.0
1169,10668,119,2,146.2,0.15,292.4
1170,10669,6,1,1612.0,0.0,1612.0
1171,10670,88,2,98.8,0.05,197.6
1172,10670,125,2,82.8,0.1,165.6
1173,10671,57,2,279.3,0.05,558.6
1174,10671,61,1,177.0,0.0,177.0
1175,10672,128,2,482.0,0.0,964.0
1176,10673,52,2,39.0,0.0,78.0
1177,10674,121,2,354.0,0.0,708.0
1178,10674,130,2,435.0,0.0,870.0
1179,10674,89,1,26.0,0.0,26.0
1180,10675,1,2,2070.0,0.1,4140.0
1181,10676,100,1,379.95,0.15,379.95
1182,10676,132,2,354.35,0.05,708.7
1183,10676,124,1,483.0,0.0,483.0
1184,10677,61,2,177.0,0.0,354.0
1185,10677,9,1,2301.3,0.1,2301.3
1186,10678,109,1,812.6,0.15,812.6
1187,10678,33,1,441.75,0.05,441.75
1188,10678,130,2,435.0,0.0,870.0
1189,10679,65,1,154.0,0.0,154.0
1190,10679,77,1,167.0,0.0,167.0
1191,10680,109,2,956.0,0.0,1912.0
1192,10680,91,2,73.15,0.05,146.3
1193,10681,85,2,120.0,0.0,240.0
1194,10681,29,1,1247.0,0.0,1247.0
1195,10682,144,1,247.0,0.0,247.0
1196,10683,46,1,363.0,0.0,363.0
1197,10684,62,2,268.0,0.0,536.0
1198,10685,29,2,1122.3,0.1,2244.6
1199,10686,62,1,268.0,0.0,268.0
1200,10687,78,1,110.0,0.0,110.0
1201,10687,126,2,105.3,0.1,210.6
1202,10688,34,1,1153.0,0.0,1153.0
1203,10689,49,2,380.8,0.15,761.6
1204,10689,20,1,1502.0,0.0,1502.0
1205,10689,51,2,97.75,0.15,195.5
1206,10690,105,2,633.6,0.1,1267.2
1207,10691,113,2,793.8,0.1,1587.6
1208,10691,81,1,89.0,0.0,89.0
1209,10692,121,2,354.0,0.0,708.0
1210,10693,131,1,266.0,0.0,266.0
1211,10694,74,2,146.7,0.1,293.4
1212,10695,49,2,425.6,0.05,851.2
1213,10696,31,2,602.0,0.0,1204.0
1214,10697,135,1,376.2,0.05,376.2
1215,10698,51,2,115.0,0.0,230.0
1216,10699,5,2,2440.0,0.0,4880.0
1217,10700,132,1,354.35,0.05,354.35
1218,10701,43,1,1141.0,0.0,1141.0
1219,10702,62,1,227.8,0.15,227.8
1220,10703,81,1,89.0,0.0,89.0
1221,10703,13,1,1343.7,0.1,1343.7
1222,10704,105,1,704.0,0.0,704.0
1223,10705,90,2,95.0,0.0,190.0
6,10003,112,2,1205.55,0.05,2411.1
